[
    {
        "block_id": 1,
        "previous_hash": "0",
        "timestamp": "2013-01-15 12:30:45",
        "transactions": "Transaction data for block 1",
        "salt": "4291948f2ab3bbbc9b28dc1e7258e3f3",
        "hash": "e7b537abc2798ef99cad772b615991b3"
    },
    {
        "block_id": 2,
        "previous_hash": "e7b537abc2798ef99cad772b615991b3",
        "timestamp": "2013-03-22 18:45:22",
        "transactions": "Transaction data for block 2",
        "salt": "0afb36d6616db166257b0ff31fa3098e",
        "hash": "edff63af88aed768daa7eb9ee1a37e9a"
    },
    {
        "block_id": 3,
        "previous_hash": "edff63af88aed768daa7eb9ee1a37e9a",
        "timestamp": "2013-05-10 09:15:35",
        "transactions": "Transaction data for block 3",
        "salt": "19f06a868ef0c667b10aa6afb0ab5e1a",
        "hash": "59a41fbd35ae0d4e009456766fecbb77"
    },
    {
        "block_id": 4,
        "previous_hash": "59a41fbd35ae0d4e009456766fecbb77",
        "timestamp": "2013-07-18 16:20:59",
        "transactions": "Transaction data for block 4",
        "salt": "e97662d80210f5624ca777cad43c7d13",
        "hash": "aeab7cd7507ed45e77d911e1d3382297"
    },
    {
        "block_id": 5,
        "previous_hash": "aeab7cd7507ed45e77d911e1d3382297",
        "timestamp": "2013-09-04 14:50:12",
        "transactions": "Transaction data for block 5",
        "salt": "8b90dbb4393714fe978c314d4473a0e2",
        "hash": "7478a3567d5f1cf3cb415fbeedb4b293"
    },
    {
        "block_id": 6,
        "previous_hash": "7478a3567d5f1cf3cb415fbeedb4b293",
        "timestamp": "2013-11-29 22:35:18",
        "transactions": "Transaction data for block 6",
        "salt": "5f06ac9dacd3e4169912887a921a49c4",
        "hash": "bc20d2cf8286192a7bce19bf3b186d58"
    },
    {
        "block_id": 7,
        "previous_hash": "bc20d2cf8286192a7bce19bf3b186d58",
        "timestamp": "2014-01-17 07:25:47",
        "transactions": "Transaction data for block 7",
        "salt": "5b93b1463f0cb8bddc80566d9a88c44a",
        "hash": "05a3e723696681257555f46b9138411e"
    },
    {
        "block_id": 8,
        "previous_hash": "05a3e723696681257555f46b9138411e",
        "timestamp": "2014-03-30 10:05:56",
        "transactions": "Transaction data for block 8",
        "salt": "a5a8871d46b403fcebf2c969a251a42e",
        "hash": "d2032b46aee53bade9edcfbf2fcaf3f2"
    },
    {
        "block_id": 9,
        "previous_hash": "d2032b46aee53bade9edcfbf2fcaf3f2",
        "timestamp": "2014-06-12 13:40:23",
        "transactions": "Transaction data for block 9",
        "salt": "cbbc45bed05dc28b65bad247e39d6ac9",
        "hash": "aa941611fe255afab54e560145295cdd"
    },
    {
        "block_id": 10,
        "previous_hash": "aa941611fe255afab54e560145295cdd",
        "timestamp": "2014-08-25 15:25:42",
        "transactions": "Transaction data for block 10",
        "salt": "4d63993b319aada9b56a3f0f79dcf789",
        "hash": "c7568a166ab77984a6814a4aa80d5c9c"
    },
    {
        "block_id": 11,
        "previous_hash": "c7568a166ab77984a6814a4aa80d5c9c",
        "timestamp": "2014-11-07 20:55:19",
        "transactions": "Transaction data for block 11",
        "salt": "fbffb1100090865768f0ea112255865e",
        "hash": "ba425153ed50d2a9bdd892f4a140114d"
    },
    {
        "block_id": 12,
        "previous_hash": "ba425153ed50d2a9bdd892f4a140114d",
        "timestamp": "2015-01-21 08:50:30",
        "transactions": "Transaction data for block 12",
        "salt": "447d1f0b68d381a4657116ad38588a30",
        "hash": "020dbaac37d4546a3e4a86bce24b1607"
    },
    {
        "block_id": 13,
        "previous_hash": "020dbaac37d4546a3e4a86bce24b1607",
        "timestamp": "2015-04-06 11:15:09",
        "transactions": "Transaction data for block 13",
        "salt": "596952a13560b113e3898a0be9dcd148",
        "hash": "726399377a36028298cb529e455e91df"
    },
    {
        "block_id": 14,
        "previous_hash": "726399377a36028298cb529e455e91df",
        "timestamp": "2015-06-19 17:25:11",
        "transactions": "Transaction data for block 14",
        "salt": "fc6ea91f8c2eb1aa85159749413a1957",
        "hash": "4c1de27f8dad1444ae0cea5444dada71"
    },
    {
        "block_id": 15,
        "previous_hash": "4c1de27f8dad1444ae0cea5444dada71",
        "timestamp": "2015-09-08 19:45:27",
        "transactions": "Transaction data for block 15",
        "salt": "b9c5104e8348abb15bcf6b4469a6fe07",
        "hash": "1d6a86d01c6220c0e90b2d2e083a1993"
    },
    {
        "block_id": 16,
        "previous_hash": "1d6a86d01c6220c0e90b2d2e083a1993",
        "timestamp": "2015-12-15 23:50:12",
        "transactions": "Transaction data for block 16",
        "salt": "43a3451cd769a3d25b4c00290ca55ce5",
        "hash": "c99da954793f4b3eb487af8b6760ab1f"
    },
    {
        "block_id": 17,
        "previous_hash": "c99da954793f4b3eb487af8b6760ab1f",
        "timestamp": "2016-02-29 09:05:03",
        "transactions": "Transaction data for block 17",
        "salt": "73695b6758c5d2ad01e9af16874ced76",
        "hash": "e2f6f036cb55050d305fac040eed05c9"
    },
    {
        "block_id": 18,
        "previous_hash": "e2f6f036cb55050d305fac040eed05c9",
        "timestamp": "2016-05-14 14:35:22",
        "transactions": "Transaction data for block 18",
        "salt": "e13af5fd568055078d6f0d5b4ca3852c",
        "hash": "ae3997aef29a14d470f7e2e9cdc70baa"
    },
    {
        "block_id": 19,
        "previous_hash": "ae3997aef29a14d470f7e2e9cdc70baa",
        "timestamp": "2016-07-23 16:50:56",
        "transactions": "Transaction data for block 19",
        "salt": "5f06ac9dacd3e4169912887a921a49c4",
        "hash": "a43af88a30467f978b27b25d20005d8e"
    },
    {
        "block_id": 20,
        "previous_hash": "a43af88a30467f978b27b25d20005d8e",
        "timestamp": "2016-10-09 12:20:11",
        "transactions": "Transaction data for block 20",
        "salt": "8e5e9ac09cb179716f250b8812cecf0e",
        "hash": "252a048696947c609a8d74b436f4a162"
    },
    {
        "block_id": 21,
        "previous_hash": "252a048696947c609a8d74b436f4a162",
        "timestamp": "2016-12-31 21:10:35",
        "transactions": "Transaction data for block 21",
        "salt": "5f06ac9dacd3e4169912887a921a49c4",
        "hash": "b79a85f67d12ea4cfdefadaeffd0ca5b"
    },
    {
        "block_id": 22,
        "previous_hash": "b79a85f67d12ea4cfdefadaeffd0ca5b",
        "timestamp": "2017-03-22 10:55:42",
        "transactions": "Transaction data for block 22",
        "salt": "d3464044b6b308211311ddf34d61e113",
        "hash": "d3de8d04f915a507563b97153873f98c"
    },
    {
        "block_id": 23,
        "previous_hash": "d3de8d04f915a507563b97153873f98c",
        "timestamp": "2017-06-05 13:30:30",
        "transactions": "Transaction data for block 23",
        "salt": "5f06ac9dacd3e4169912887a921a49c4",
        "hash": "95c8bc34e636f812f660162f0c649030"
    },
    {
        "block_id": 24,
        "previous_hash": "95c8bc34e636f812f660162f0c649030",
        "timestamp": "2017-08-20 18:20:15",
        "transactions": "Transaction data for block 24",
        "salt": "5f06ac9dacd3e4169912887a921a49c4",
        "hash": "474636b639946458a483fcec9f7b3ad0"
    },
    {
        "block_id": 25,
        "previous_hash": "474636b639946458a483fcec9f7b3ad0",
        "timestamp": "2017-11-11 20:00:27",
        "transactions": "Transaction data for block 25",
        "salt": "f78084cee7492e0ac9c4c550500bbe70",
        "hash": "cbb1d8e57719e0c9a70feedbb19e4d96"
    },
    {
        "block_id": 26,
        "previous_hash": "cbb1d8e57719e0c9a70feedbb19e4d96",
        "timestamp": "2018-01-15 09:40:11",
        "transactions": "Transaction data for block 26",
        "salt": "5f06ac9dacd3e4169912887a921a49c4",
        "hash": "99365219746f76a94d82ae2b52be90b7"
    },
    {
        "block_id": 27,
        "previous_hash": "99365219746f76a94d82ae2b52be90b7",
        "timestamp": "2018-03-31 11:25:59",
        "transactions": "Transaction data for block 27",
        "salt": "dbfbafe797a5aa8eb85fe4e4c055a2b7",
        "hash": "9d0b1384a770c6cde273b26d47bb9034"
    },
    {
        "block_id": 28,
        "previous_hash": "9d0b1384a770c6cde273b26d47bb9034",
        "timestamp": "2018-06-12 14:15:42",
        "transactions": "Transaction data for block 28",
        "salt": "5f06ac9dacd3e4169912887a921a49c4",
        "hash": "612537a9959edeffc527cb80f5f285ce"
    },
    {
        "block_id": 29,
        "previous_hash": "612537a9959edeffc527cb80f5f285ce",
        "timestamp": "2018-08-23 16:05:27",
        "transactions": "Transaction data for block 29",
        "salt": "76d58c5297e0356bda0d44b2e97c9a47",
        "hash": "c0c5b2bae76386be684108638e103bcc"
    },
    {
        "block_id": 30,
        "previous_hash": "c0c5b2bae76386be684108638e103bcc",
        "timestamp": "2018-11-17 19:35:18",
        "transactions": "Transaction data for block 30",
        "salt": "5f06ac9dacd3e4169912887a921a49c4",
        "hash": "6eda49f0ad405a436d06df0718147f5f"
    },
    {
        "block_id": 31,
        "previous_hash": "6eda49f0ad405a436d06df0718147f5f",
        "timestamp": "2019-01-22 08:20:30",
        "transactions": "Transaction data for block 31",
        "salt": "5f06ac9dacd3e4169912887a921a49c4",
        "hash": "2456643d92094e384c600c327d765f37"
    },
    {
        "block_id": 32,
        "previous_hash": "2456643d92094e384c600c327d765f37",
        "timestamp": "2019-04-18 12:55:44",
        "transactions": "Transaction data for block 32",
        "salt": "cd3a2f10e5dadabebe4d3790e76892d3",
        "hash": "ecf8fad7d95bff75ae5eb88f6595dd96"
    },
    {
        "block_id": 33,
        "previous_hash": "ecf8fad7d95bff75ae5eb88f6595dd96",
        "timestamp": "2019-06-30 15:40:22",
        "transactions": "Transaction data for block 33",
        "salt": "5f06ac9dacd3e4169912887a921a49c4",
        "hash": "ff42896969257fa234bab2bb31718b7f"
    },
    {
        "block_id": 34,
        "previous_hash": "ff42896969257fa234bab2bb31718b7f",
        "timestamp": "2019-09-10 18:10:59",
        "transactions": "Transaction data for block 34",
        "salt": "5f06ac9dacd3e4169912887a921a49c4",
        "hash": "720f050e5413730623ee0c3c7defe2a7"
    },
    {
        "block_id": 35,
        "previous_hash": "720f050e5413730623ee0c3c7defe2a7",
        "timestamp": "2019-12-05 20:25:56",
        "transactions": "Transaction data for block 35",
        "salt": "21c638e70dbc036b4bbc7c9a1e5a5a62",
        "hash": "75487feb363ed1b8b5842871878dfdbb"
    },
    {
        "block_id": 36,
        "previous_hash": "75487feb363ed1b8b5842871878dfdbb",
        "timestamp": "2020-02-25 09:55:18",
        "transactions": "Transaction data for block 36",
        "salt": "5f06ac9dacd3e4169912887a921a49c4",
        "hash": "6ff3eece86dfc35d7b881648a45a4055"
    },
    {
        "block_id": 37,
        "previous_hash": "6ff3eece86dfc35d7b881648a45a4055",
        "timestamp": "2020-05-13 12:15:33",
        "transactions": "Transaction data for block 37",
        "salt": "3e4b4951c4540785d8d3308cca03917b",
        "hash": "053c94e533d8c84518ed7cdad26fd2cd"
    },
    {
        "block_id": 38,
        "previous_hash": "053c94e533d8c84518ed7cdad26fd2cd",
        "timestamp": "2020-08-21 14:25:44",
        "transactions": "Transaction data for block 38",
        "salt": "7b265c233e70e9f2217fac94ad03e6db",
        "hash": "e6efc8ee30adac023c6c535aaacacbc8"
    },
    {
        "block_id": 39,
        "previous_hash": "e6efc8ee30adac023c6c535aaacacbc8",
        "timestamp": "2020-11-07 16:40:22",
        "transactions": "Transaction data for block 39",
        "salt": "e6a754840aea3b42513b61b6473e89ce",
        "hash": "6f81da11f422f194d28b56afca61a604"
    },
    {
        "block_id": 40,
        "previous_hash": "6f81da11f422f194d28b56afca61a604",
        "timestamp": "2021-01-14 19:05:11",
        "transactions": "Transaction data for block 40",
        "salt": "47c60d5818e3b54c5c47274085230253",
        "hash": "71f4e2f50a76196200d311cf41d353d8"
    },
    {
        "block_id": 41,
        "previous_hash": "71f4e2f50a76196200d311cf41d353d8",
        "timestamp": "2021-03-30 09:15:22",
        "transactions": "Transaction data for block 41",
        "salt": "5f06ac9dacd3e4169912887a921a49c4",
        "hash": "c04a5eb6ab6414675864587b2779b752"
    },
    {
        "block_id": 42,
        "previous_hash": "c04a5eb6ab6414675864587b2779b752",
        "timestamp": "2021-06-11 12:50:30",
        "transactions": "Transaction data for block 42",
        "salt": "12a5ea1a7d1bcbe1ed62eec7b2149080",
        "hash": "997b93cca33f519030d792e10ef7cb38"
    },
    {
        "block_id": 43,
        "previous_hash": "997b93cca33f519030d792e10ef7cb38",
        "timestamp": "2021-09-01 16:35:44",
        "transactions": "Transaction data for block 43",
        "salt": "d101373ff6d8afb12520e73061686b80",
        "hash": "408b94408bad95b9ec291a9e95ece299"
    },
    {
        "block_id": 44,
        "previous_hash": "408b94408bad95b9ec291a9e95ece299",
        "timestamp": "2021-12-10 19:10:05",
        "transactions": "Transaction data for block 44",
        "salt": "5f06ac9dacd3e4169912887a921a49c4",
        "hash": "dc48c5f1b48607b781653fae775767b4"
    },
    {
        "block_id": 45,
        "previous_hash": "dc48c5f1b48607b781653fae775767b4",
        "timestamp": "2022-11-05 16:25:44",
        "transactions": "Transaction data for block 45",
        "salt": "fc6bfd40e539a00e62b012aead8a1e72",
        "hash": "dc20992fb84381da3d43fcd949720de5"
    },
    {
        "block_id": 46,
        "previous_hash": "dc20992fb84381da3d43fcd949720de5",
        "timestamp": "2023-01-19 09:10:22",
        "transactions": "Transaction data for block 46",
        "salt": "9c390d50aba44c87bc3b7178af0cbea9",
        "hash": "bdd13a4c4db195f0fc1a803dbb0a6a33"
    },
    {
        "block_id": 47,
        "previous_hash": "bdd13a4c4db195f0fc1a803dbb0a6a33",
        "timestamp": "2023-09-01 17:20:18",
        "transactions": "Transaction data for block 47",
        "salt": "fa4521555ae4fe6ff3ea4e2852a74a0b",
        "hash": "d1617656064dc84696f51a9c33b7121c"
    },
    {
        "block_id": 48,
        "previous_hash": "d1617656064dc84696f51a9c33b7121c",
        "timestamp": "2024-03-22 12:20:35",
        "transactions": "Transaction data for block 48",
        "salt": "5f06ac9dacd3e4169912887a921a49c4",
        "hash": "172c3bff87af73b09fa64190f6d03104"
    },
    {
        "block_id": 49,
        "previous_hash": "172c3bff87af73b09fa64190f6d03104",
        "timestamp": "2024-06-11 14:35:59",
        "transactions": "Transaction data for block 49",
        "salt": "3694b7a43c28a8a50b377c0cd7758ee7",
        "hash": "16dbd2185b6dbac2fe8a6654b0e5a8e2"
    },
    {
        "block_id": 50,
        "previous_hash": "16dbd2185b6dbac2fe8a6654b0e5a8e2",
        "timestamp": "2024-08-07 09:35:56",
        "transactions": "Transaction data for block 50",
        "salt": "8f44806d53d586e5713792d6e4b95ae3",
        "hash": "4ac1cea82224794a51745dd787b36181"
    }
]